Domain,Status,Attractiveness,Demand,Length,Sectors,Created,Expires,Registrar
brief.work,available,124,19%,5,"Business,Education,General,Law",,,
complete.work,resell,120,21%,8,"Manufacturing,Retail,Technology",08/05/2024 00:00,08/05/2034 00:00,Xin Net Technology Corporation
second.work,resell,120,23%,6,"General,Mathematics",11/02/2015 10:56,11/02/2026 10:56,Dynadot Inc
wizard.work,resell,118,42%,6,"Entertainment,Media,Technology",20/03/2020 14:59,20/03/2026 14:59,West263 International Limited
tenth.work,available,116,7%,5,Mathematics,,,
flat.work,resell,116,24%,4,"Construction,Real Estate",23/04/2021 16:00,23/04/2026 16:00,"Xiamen ChinaSource Internet Service Co., Ltd"
tonic.work,expiring,114,22%,5,"Health and Fitness,Medicine,Science",03/09/2015 16:14,03/09/2025 16:14,1API GmbH
acute.work,available,112,9%,5,"Mathematics,Medicine,Science",,,
above.work,available,112,22%,5,Business,,,
abstract.work,available,108,29%,8,"Arts,Humanities,Science",,,
abiding.work,available,106,5%,7,"General,Religion",,,
teen.work,available,104,14%,4,"Education,Entertainment,Healthcare",,,
active.work,resell,104,27%,6,"Health and Fitness,Sports,Travel",11/11/2024 03:24,11/11/2025 03:24,Sav.com LLC
expert.work,resell,104,26%,6,"Business,Education,Technology",01/08/2023 00:00,01/08/2026 00:00,"Xiamen ChinaSource Internet Service Co., Ltd"
absent.work,available,102,8%,6,"Business,Education,Technology",,,
extra.work,resell,102,26%,5,"Fashion,Retail,Technology",16/05/2018 11:02,16/05/2026 11:02,Porkbun
captive.work,available,102,14%,7,"Entertainment,Hospitality,Technology",,,
eight.work,available,102,23%,5,"General,Mathematics",,,
whiz.work,resell,100,12%,4,"Business,Education,Technology",18/08/2021 14:04,18/08/2026 14:04,West263 International Limited
sixth.work,available,100,8%,5,Mathematics,,,
ninth.work,available,100,9%,5,Mathematics,,,
abrupt.work,available,100,3%,6,"Medicine,Science",,,
alamode.work,available,96,12%,9,Fashion,,,
forgiving.work,available,96,3%,9,"Healthcare,Religion",,,
academic.work,resell,96,20%,8,"Education,Humanities,Science",16/05/2018 11:13,16/05/2026 11:13,Porkbun
abject.work,available,94,7%,6,Humanities,,,
around.work,resell,94,22%,6,"Business,General,Media,Technology",08/07/2024 08:00,08/07/2026 08:00,Sav.com LLC
adequate.work,available,94,9%,8,"Education,Healthcare,Technology",,,
adjective.work,available,92,5%,9,Education,,,
twentieth.work,available,92,3%,9,Mathematics,,,
derelict.work,available,92,7%,8,"Construction,Real Estate",,,
exemplary.work,available,92,5%,9,"Business,Education,Healthcare",,,
abroad.work,available,92,12%,6,"Hospitality,Travel",,,
neutral.work,available,92,20%,7,"Business,Media,Politics",,,
clear.work,resell,90,47%,5,"Manufacturing,Retail,Technology",10/07/2016 11:27,10/07/2026 11:27,West263 International Limited
addictive.work,resell,90,9%,9,Healthcare,14/01/2025 13:51,14/01/2026 13:51,"GMO Internet, Inc. d/b/a Onamae.com"
leash.work,available,90,7%,5,"General,Health and Fitness,Retail",,,
riveting.work,available,90,6%,8,"Entertainment,Media,Technology",,,
endearing.work,available,90,1%,9,"Entertainment,Fashion,Retail",,,
gripping.work,available,90,3%,8,"Entertainment,Media,Technology",,,
adoring.work,available,90,2%,7,"Entertainment,Fashion,Retail",,,
abortive.work,available,90,1%,8,"Medicine,Science",,,
fifteen.work,available,88,13%,7,Mathematics,,,
sixteen.work,available,88,11%,7,Mathematics,,,
actionable.work,available,88,13%,10,"Business,Law",,,
hundred.work,available,88,14%,7,Mathematics,,,
wide.work,available,88,18%,4,"Business,Media,Technology",,,
intent.work,resell,86,25%,6,"Business,Education,Technology",01/10/2024 05:04,01/10/2025 05:04,"Spaceship, Inc."
xiv.work,available,86,12%,3,Mathematics,,,
extempore.work,available,86,3%,9,Entertainment,,,
attendant.work,available,86,5%,9,"Healthcare,Hospitality,Transportation",,,
xix.work,available,86,11%,3,Mathematics,,,
cipher.work,available,86,29%,6,Mathematics,,,
adolescent.work,available,86,3%,10,"Education,Entertainment,Healthcare",,,
star.work,resell,86,40%,4,"Entertainment,Media,Sports",12/10/2017 00:37,12/10/2029 00:37,Alibaba Cloud Computing Ltd. d/b/a HiChina (www.net.cn)
engrossing.work,available,86,0%,10,"Entertainment,Media,Technology",,,
accessory.work,available,84,8%,9,"Fashion,Retail,Technology",,,
adjustable.work,available,84,3%,10,"Manufacturing,Retail,Technology",,,
twentytwo.work,available,84,11%,10,Mathematics,,,
nineteen.work,available,84,8%,8,Mathematics,,,
dozen.work,available,82,10%,5,Mathematics,,,
altered.work,available,82,9%,7,"Medicine,Science",,,
abenaki.work,available,82,2%,7,Geography,,,
abdominal.work,available,82,1%,9,"Health and Fitness,Medicine",,,
abroach.work,available,82,1%,7,Food and Beverage,,,
fivesome.work,available,82,1%,8,Sports,,,
abkhaz.work,available,82,1%,6,Geography,,,
absorbent.work,available,82,3%,9,"Healthcare,Manufacturing,Retail",,,
sequent.work,available,80,7%,7,"Healthcare,Insurance,Transportation",,,
wiz.work,available,80,30%,3,"Business,Education,Technology",,,
yard.work,resell,80,26%,4,"Construction,General",01/05/2019 13:56,01/05/2026 13:56,Dynadot Inc
superstar.work,expired,80,18%,9,Entertainment,21/06/2024 02:32,21/06/2025 02:32,"Chengdu West Dimension Digital Technology Co., Ltd."
forty.work,available,80,9%,5,Mathematics,,,
absolute.work,resell,80,25%,8,"Engineering,Mathematics,Science",24/05/2018 08:44,24/05/2026 08:44,West263 International Limited
trio.work,available,80,21%,4,Entertainment,,,
seventh.work,available,80,10%,7,Mathematics,,,
two.work,available,80,24%,3,Mathematics,,,
adoptable.work,available,80,3%,9,"Education,Healthcare",,,
worshipful.work,available,80,1%,10,"Education,Healthcare,Religion",,,
absorbable.work,available,80,0%,10,"Healthcare,Pharmaceuticals,Science",,,
capable.work,expiring,80,12%,7,"Business,Education,Technology",17/09/2020 23:10,17/09/2025 23:10,Tucows Domains Inc.
twenty.work,available,80,12%,6,Mathematics,,,
dorsal.work,available,80,6%,6,"Medicine,Science",,,
abkhazian.work,available,78,1%,9,Geography,,,
abkhasian.work,available,78,1%,9,Geography,,,
abounding.work,available,78,2%,9,Agriculture,,,
adorable.work,available,78,8%,8,"Entertainment,Fashion,Retail",,,
twentysix.work,available,78,8%,10,Mathematics,,,
dormant.work,available,78,4%,7,"Medicine,Science",,,
accepted.work,available,78,6%,8,"Business,Education,Technology",,,
low.work,available,78,20%,3,"Business,Finance",,,
recognized.work,available,78,3%,10,"Business,Education,Technology",,,
honestly.work,expired,78,9%,8,"Business,Law",07/08/2024 20:03,07/08/2025 20:03,Tucows Domains Inc.
recognised.work,available,78,3%,10,"Business,Education,Technology",,,
adrenal.work,available,78,4%,7,"Education,Healthcare,Science",,,
sixtynine.work,available,78,8%,10,Mathematics,,,
acceptant.work,available,78,1%,9,"Education,Healthcare",,,
hundredth.work,available,76,1%,9,Mathematics,,,
obscene.work,available,76,5%,7,"Entertainment,Media",,,
thirteenth.work,available,76,4%,10,Mathematics,,,
eighteen.work,resell,76,7%,8,Mathematics,08/07/2024 11:16,08/07/2026 11:16,"GoDaddy.com, LLC"
adhesive.work,available,76,7%,8,"Construction,Manufacturing,Technology",,,
abrasive.work,available,76,6%,8,"Construction,Manufacturing",,,
firstrate.work,available,76,6%,10,Business,,,
threed.work,available,76,7%,7,Technology,,,
ventral.work,available,76,3%,7,Science,,,
fifteenth.work,available,76,2%,9,Mathematics,,,
adipose.work,available,76,2%,7,"Healthcare,Science",,,
acoustic.work,available,76,14%,8,Science,,,
energizing.work,available,76,3%,10,"Food and Beverage,Health and Fitness,Travel",,,
incidental.work,available,76,4%,10,"Healthcare,Insurance,Transportation",,,
diamond.work,resell,76,32%,7,Fashion,05/07/2022 00:00,05/07/2026 00:00,"Xiamen ChinaSource Internet Service Co., Ltd"
resultant.work,available,76,2%,9,"Healthcare,Insurance,Transportation",,,
addable.work,available,76,2%,7,"Engineering,Mathematics,Science",,,
fourteenth.work,available,76,1%,10,Mathematics,,,
ague.work,available,76,2%,4,"Geography,Medicine,Science",,,
ancillary.work,available,76,6%,9,"Healthcare,Manufacturing,Technology",,,
improvise.work,available,76,4%,9,Entertainment,,,
nineteenth.work,available,76,3%,10,Mathematics,,,
adherent.work,available,76,4%,8,"Politics,Religion",,,
thousandth.work,available,76,1%,10,Mathematics,,,
activated.work,available,74,9%,9,"Healthcare,Manufacturing,Technology",,,
accepting.work,available,74,3%,9,"Education,Healthcare",,,
adapted.work,expired,74,6%,7,"Healthcare,Manufacturing,Technology",29/07/2024 22:53,29/07/2025 22:53,"NameCheap, Inc."
aberrant.work,available,74,6%,8,"Medicine,Science",,,
sensation.work,available,74,7%,9,"Entertainment,Media,Sports",,,
adamant.work,expired,74,14%,7,Religion,12/08/2017 05:27,12/08/2025 05:27,Ledl.net GmbH
mavin.work,available,74,7%,5,"Entertainment,Fashion,Technology",,,
realizable.work,available,74,1%,10,"Business,Education,Technology",,,
adenoid.work,available,74,1%,7,"Health and Fitness,Medicine,Science",,,
single.work,available,74,19%,6,Sports,,,
achievable.work,available,74,4%,10,"Business,Education,Technology",,,
adrenergic.work,available,74,1%,10,"Education,Healthcare,Science",,,
acuate.work,available,74,2%,6,"Engineering,Medicine,Science",,,
aching.work,available,72,4%,6,Healthcare,,,
trinity.work,available,72,18%,7,Religion,,,
addicted.work,available,72,9%,8,Healthcare,,,
abloom.work,available,72,5%,6,Agriculture,,,
engrossed.work,available,72,1%,9,"Entertainment,Media,Technology",,,
accusative.work,available,72,0%,10,"Humanities,Law",,,
ninetieth.work,available,72,1%,9,Mathematics,,,
improvize.work,available,72,1%,9,Entertainment,,,
adonic.work,available,72,2%,6,"Arts,Education,Entertainment",,,
lovely.work,expiring,72,26%,6,"Entertainment,Fashion,Retail",22/08/2024 09:50,22/08/2025 09:50,"NameCheap, Inc."
adjunctive.work,available,72,1%,10,"Healthcare,Manufacturing,Technology",,,
adjectival.work,available,72,1%,10,Education,,,
sixtieth.work,available,72,1%,8,Mathematics,,,
absorbed.work,available,72,2%,8,"Entertainment,Media,Technology",,,
adaptative.work,available,72,1%,10,"Business,Education,Technology",,,
accustomed.work,available,72,1%,10,"Business,Education,Humanities",,,
existent.work,available,72,3%,8,"Mathematics,Science",,,
absolutist.work,available,72,1%,10,"Humanities,Law,Politics",,,
adiabatic.work,available,72,3%,9,"Engineering,Science",,,
seventieth.work,available,72,1%,10,Mathematics,,,
abreast.work,available,72,2%,7,"Business,Technology",,,
eightieth.work,available,72,1%,9,Mathematics,,,
liv.work,resell,72,27%,3,Mathematics,19/01/2018 02:27,19/01/2026 02:27,"Name.com, Inc."
practiced.work,available,70,3%,9,"Education,Health and Fitness,Sports",,,
absorbing.work,available,70,3%,9,"Entertainment,Media,Technology",,,
consequent.work,available,70,3%,10,"Business,Education,General,Technology",,,
skillful.work,resell,70,9%,8,"Education,Health and Fitness,Sports",03/06/2022 12:21,03/06/2026 12:21,Porkbun
miserable.work,available,70,4%,9,Humanities,,,
gymnastic.work,available,70,3%,9,"Entertainment,Sports",,,
abradant.work,available,70,1%,8,"Construction,Manufacturing",,,
offhand.work,available,70,2%,7,Entertainment,,,
tiptop.work,resell,70,24%,6,Fashion,01/03/2025 13:34,01/03/2026 13:34,"Spaceship, Inc."
adored.work,available,70,6%,6,"Entertainment,Fashion,Retail",,,
accumbent.work,available,70,1%,9,"Healthcare,Medicine,Science",,,
admired.work,available,70,5%,7,"Business,Education,Healthcare",,,
abulic.work,available,70,1%,6,Medicine,,,
lowdown.work,available,70,6%,8,"Entertainment,Media",,,
acuminate.work,available,70,1%,9,"Engineering,Medicine,Science",,,
adamantine.work,available,70,4%,10,Religion,,,
recumbent.work,available,70,2%,9,"Healthcare,Medicine,Science",,,
stillborn.work,available,70,2%,9,"Medicine,Science",,,
scurvy.work,available,68,3%,6,Humanities,,,
thirtieth.work,available,68,1%,9,Mathematics,,,
fiftieth.work,available,68,0%,8,Mathematics,,,
ablative.work,available,68,3%,8,Science,,,
fortieth.work,available,68,0%,8,Mathematics,,,
licensed.work,available,68,5%,8,"Business,Healthcare,Insurance",,,
ennead.work,available,68,5%,6,Mathematics,,,
accredited.work,available,68,9%,10,"Business,Education,Healthcare",,,
vindicated.work,available,68,2%,10,"Humanities,Law,Politics",,,
licenced.work,available,68,2%,8,"Business,Healthcare,Insurance",,,
decorated.work,available,68,3%,9,"Entertainment,Fashion,Retail",,,
achaian.work,available,68,2%,7,Humanities,,,
aroused.work,available,68,3%,7,"Entertainment,Health and Fitness",,,
stygian.work,available,68,5%,7,Humanities,,,
abducent.work,available,68,0%,8,Medicine,,,
aberdonian.work,available,68,1%,10,Geography,,,
ane.work,available,68,12%,3,Mathematics,,,
septenary.work,available,68,1%,9,Mathematics,,,
overseas.work,available,68,12%,8,"Hospitality,Travel",,,
disciple.work,expiring,68,14%,8,"Education,Religion",12/09/2024 13:34,12/09/2025 13:34,"GoDaddy.com, LLC"
abnaki.work,available,68,1%,6,Geography,,,
acerate.work,available,68,1%,7,Science,,,
activating.work,available,68,3%,10,"Healthcare,Manufacturing,Technology",,,
aculeate.work,available,68,1%,8,"Engineering,Medicine,Science",,,
sevener.work,available,68,1%,7,Mathematics,,,
threesome.work,available,68,5%,9,Entertainment,,,
octonary.work,available,68,1%,8,Mathematics,,,
foursome.work,available,68,4%,8,Sports,,,
abkhas.work,available,68,0%,6,Geography,,,
achaean.work,available,68,2%,7,Humanities,,,
abstinent.work,available,66,1%,9,"Health and Fitness,Religion",,,
four.work,resell,66,27%,4,Mathematics,24/04/2021 07:01,24/04/2026 07:01,Alibaba Cloud Computing Ltd. d/b/a HiChina (www.net.cn)
xvi.work,available,66,5%,3,Mathematics,,,
adorned.work,available,66,5%,7,"Entertainment,Fashion,Retail",,,
xxi.work,available,66,10%,3,Mathematics,,,
century.work,expired,66,17%,7,Education,04/07/2022 00:00,04/07/2025 00:00,"Xiamen ChinaSource Internet Service Co., Ltd"
xiii.work,available,66,9%,4,Mathematics,,,
modish.work,available,66,5%,6,Fashion,,,
xviii.work,available,66,5%,5,Mathematics,,,
acappella.work,available,66,6%,10,Entertainment,,,
sextet.work,available,66,1%,6,Entertainment,,,
accessary.work,available,66,1%,9,"Business,Law,Technology",,,
adopted.work,available,66,4%,7,"Education,Healthcare",,,
eighty.work,available,66,6%,6,Mathematics,,,
acervate.work,available,66,1%,8,Science,,,
exonerated.work,available,66,2%,10,"Humanities,Law,Politics",,,
xxvi.work,available,66,3%,4,Mathematics,,,
buzzing.work,available,66,7%,7,"Entertainment,Media,Technology",,,
maven.work,resell,66,30%,5,"Entertainment,Fashion,Technology",02/07/2025 18:59,02/07/2026 18:59,Porkbun
xxv.work,available,66,6%,3,Mathematics,,,
tenner.work,available,66,5%,6,Finance,,,
acrobatic.work,available,66,4%,9,"Entertainment,Sports",,,
performing.work,available,66,6%,10,Entertainment,,,
xxii.work,available,66,6%,4,Mathematics,,,
xvii.work,available,66,5%,4,Mathematics,,,
onec.work,available,66,6%,5,Mathematics,,,
six.work,available,66,26%,3,Mathematics,,,
clv.work,available,66,10%,3,Mathematics,,,
xii.work,available,66,10%,3,Mathematics,,,
latest.work,available,66,18%,6,Technology,,,
adagio.work,available,64,14%,6,Entertainment,,,
accordant.work,available,64,3%,9,"Arts,Entertainment",,,
absolved.work,available,64,1%,8,"Humanities,Law,Religion",,,
aflame.work,available,64,3%,6,Entertainment,,,
deviant.work,available,64,12%,7,"Medicine,Science",,,
astringent.work,available,64,1%,10,"Healthcare,Pharmaceuticals",,,
nondrinker.work,available,64,1%,10,"Health and Fitness,Religion",,,
acentric.work,available,64,2%,8,Science,,,
scatty.work,available,64,1%,6,"Arts,Entertainment,Media",,,
wrapped.work,available,62,13%,7,"Fashion,Hospitality,Retail",,,
pungent.work,available,62,1%,7,Food and Beverage,,,
accrued.work,available,62,2%,7,"Banking,Finance,Insurance",,,
cumulative.work,available,62,2%,10,"Banking,Finance,Insurance",,,
accusing.work,available,62,1%,8,Law,,,
activation.work,expiring,62,16%,10,"Healthcare,Manufacturing,Technology",21/08/2022 09:16,21/08/2025 09:16,"GoDaddy.com, LLC"
quartet.work,available,62,7%,7,"Arts,Entertainment",,,
roughly.work,available,62,3%,7,"Business,Media,Technology",,,
aborigine.work,available,62,1%,9,Humanities,,,
ensuant.work,available,62,1%,7,"Healthcare,Insurance,Transportation",,,
adjuvant.work,available,62,5%,8,"Healthcare,Manufacturing,Technology",,,
nail.work,available,62,16%,4,"Construction,Fashion,General,Retail",,,
troika.work,available,62,8%,6,Politics,,,
adoptive.work,available,62,1%,8,"Education,Healthcare",,,
twodozen.work,available,62,1%,9,Mathematics,,,
exculpated.work,available,62,1%,10,"Humanities,Law,Politics",,,
sixteenth.work,available,62,1%,9,Mathematics,,,
longdozen.work,available,62,2%,10,Mathematics,,,
acidic.work,available,62,5%,6,"Food and Beverage,Science",,,
eighteenth.work,available,62,1%,10,Mathematics,,,
eleventh.work,available,62,5%,8,Mathematics,,,
playacting.work,available,62,1%,10,Entertainment,,,
fortyfour.work,available,62,6%,10,Mathematics,,,
abo.work,available,62,15%,3,Science,,,
chiliad.work,available,62,2%,7,Mathematics,,,
aufait.work,available,62,3%,7,"Fashion,Media",,,
activistic.work,available,62,1%,10,"Humanities,Politics",,,
admissible.work,available,62,1%,10,"Education,Healthcare,Law",,,
cxlv.work,available,60,2%,4,Mathematics,,,
clxx.work,available,60,3%,4,Mathematics,,,
acceptive.work,available,60,1%,9,"Education,Healthcare",,,
idolized.work,available,60,3%,8,"Entertainment,Fashion,Retail",,,
xcl.work,available,60,5%,3,Mathematics,,,
abashed.work,available,60,1%,7,Humanities,,,
clxv.work,available,60,1%,4,Mathematics,,,
clxxv.work,available,60,1%,5,Mathematics,,,
cxxxv.work,available,60,2%,5,Mathematics,,,
clxxx.work,available,60,1%,5,Mathematics,,,
annexal.work,available,60,1%,7,"Agriculture,Manufacturing,Retail",,,
abstainer.work,available,60,0%,9,"Health and Fitness,Religion",,,
aboveboard.work,available,60,5%,10,"Business,Law",,,
idolised.work,available,60,1%,8,"Entertainment,Fashion,Retail",,,
cautionary.work,available,60,1%,10,"Business,Education,Healthcare",,,
cxx.work,available,60,10%,3,Mathematics,,,
thou.work,available,60,7%,4,Mathematics,,,
adnate.work,available,60,1%,6,"Agriculture,Manufacturing,Retail",,,
adnexal.work,available,60,1%,7,"Agriculture,Manufacturing,Retail",,,
paunchy.work,available,60,0%,7,"Health and Fitness,Medicine",,,
clx.work,available,60,10%,3,Mathematics,,,
cxxv.work,available,60,1%,4,Mathematics,,,
eightysix.work,available,60,7%,10,Mathematics,,,
cxl.work,available,60,7%,3,Mathematics,,,
cxxx.work,available,60,4%,4,Mathematics,,,
cxv.work,available,60,4%,3,Mathematics,,,
abstemious.work,available,60,0%,10,"Food and Beverage,Health and Fitness,Hospitality",,,
tercet.work,available,59,2%,6,"Arts,Entertainment,Media",,,
sixtyone.work,available,58,3%,9,Mathematics,,,
acyclic.work,available,58,4%,7,"Engineering,Mathematics,Science",,,
fourth.work,available,58,13%,6,Mathematics,,,
pentad.work,available,58,2%,6,Mathematics,,,
adient.work,available,58,4%,6,"Medicine,Science",,,
sextuplet.work,available,58,1%,9,Healthcare,,,
addressed.work,available,58,3%,9,"Business,Technology,Telecommunications",,,
octad.work,available,58,5%,5,Mathematics,,,
acetic.work,available,58,1%,6,"Food and Beverage,Science",,,
closeto.work,available,58,3%,8,"Business,Media,Technology",,,
enwrapped.work,available,58,0%,9,"Entertainment,Fashion,Media",,,
seven.work,resell,58,36%,5,Mathematics,09/01/2022 18:08,09/01/2035 18:08,West263 International Limited
centesimal.work,available,58,1%,10,Mathematics,,,
adjustive.work,available,58,1%,9,"Manufacturing,Retail,Technology",,,
tetrad.work,available,58,5%,6,Mathematics,,,
linear.work,expiring,58,22%,6,"Engineering,Mathematics,Science",05/09/2020 11:29,05/09/2025 11:29,"GoDaddy.com, LLC"
justabout.work,available,58,3%,10,"Business,Media,Technology",,,
abuzz.work,available,58,5%,5,"Entertainment,Media,Technology",,,
accoutred.work,available,58,1%,9,"Fashion,Manufacturing,Retail",,,
aucourant.work,available,58,3%,10,"Fashion,Media",,,
quintet.work,available,58,8%,7,"Arts,Entertainment",,,
sixer.work,available,58,5%,5,Sports,,,
abused.work,available,58,5%,6,"Healthcare,Law",,,
adhoc.work,expiring,58,24%,6,"Business,Engineering,Technology",18/09/2018 15:51,18/09/2025 15:51,"eNom, LLC"
niner.work,resell,58,5%,5,Mathematics,02/05/2025 03:58,02/05/2026 03:58,"GMO Internet, Inc. d/b/a Onamae.com"
alacarte.work,available,58,11%,10,Food and Beverage,,,
offhanded.work,available,58,1%,9,Entertainment,,,
hexad.work,available,58,4%,5,Mathematics,,,
lxxviii.work,available,58,1%,7,Mathematics,,,
twelfth.work,available,58,2%,7,Mathematics,,,
ache.work,available,58,7%,4,Healthcare,,,
accented.work,available,58,3%,8,"Arts,Entertainment",,,
addible.work,available,58,2%,7,"Engineering,Mathematics,Science",,,
fourscore.work,available,58,4%,9,Mathematics,,,
heptad.work,available,58,1%,6,Mathematics,,,
lxxx.work,available,58,2%,4,Mathematics,,,
abridged.work,available,58,4%,8,Media,,,
xxiii.work,available,56,5%,5,Mathematics,,,
admittible.work,available,56,1%,10,"Education,Healthcare,Hospitality",,,
halfdozen.work,available,56,1%,10,Mathematics,,,
xxxv.work,available,56,4%,4,Mathematics,,,
xxvii.work,available,56,3%,5,Mathematics,,,
lii.work,available,56,7%,3,Mathematics,,,
abeyant.work,available,56,1%,7,"Business,Law",,,
thirtysix.work,available,56,5%,10,Mathematics,,,
xliii.work,available,56,1%,5,Mathematics,,,
abdominous.work,available,56,0%,10,"Health and Fitness,Medicine",,,
potbellied.work,available,56,0%,10,"Health and Fitness,Medicine",,,
aone.work,available,56,15%,5,Food and Beverage,,,
fortyone.work,available,56,4%,9,Mathematics,,,
xxxiv.work,available,56,1%,5,Mathematics,,,
fortynine.work,available,56,3%,10,Mathematics,,,
xlii.work,available,56,5%,4,Mathematics,,,
xlv.work,available,56,6%,3,Mathematics,,,
xliv.work,available,56,2%,4,Mathematics,,,
xli.work,available,56,5%,3,Mathematics,,,
thirtytwo.work,available,56,5%,10,Mathematics,,,
fiftytwo.work,available,56,6%,9,Mathematics,,,
addled.work,available,56,2%,6,Entertainment,,,
fiftyone.work,available,56,7%,9,Mathematics,,,
admissive.work,available,56,1%,9,"Education,Healthcare,Hospitality",,,
admittable.work,available,56,1%,10,"Education,Healthcare,Hospitality",,,
xlviii.work,available,56,1%,6,Mathematics,,,
xxiv.work,available,56,5%,4,Mathematics,,,
xxxi.work,available,56,9%,4,Mathematics,,,
xxxviii.work,available,56,1%,7,Mathematics,,,
xxxii.work,available,56,1%,5,Mathematics,,,
ilx.work,available,56,5%,3,Mathematics,,,
lviii.work,available,56,1%,5,Mathematics,,,
fortysix.work,available,56,3%,9,Mathematics,,,
accoutered.work,available,56,0%,10,"Fashion,Manufacturing,Retail",,,
xxviii.work,available,56,1%,6,Mathematics,,,
lvii.work,available,56,1%,4,Mathematics,,,
fiftyfour.work,available,56,3%,10,Mathematics,,,
xxix.work,available,56,4%,4,Mathematics,,,
thirtyone.work,available,56,5%,10,Mathematics,,,
xlvi.work,available,56,3%,4,Mathematics,,,
terzetto.work,available,56,3%,8,Arts,,,
fiftynine.work,available,56,4%,10,Mathematics,,,
maledict.work,available,56,1%,8,Religion,,,
xxxvii.work,available,56,2%,6,Mathematics,,,
liii.work,available,56,4%,4,Mathematics,,,
appressed.work,available,56,0%,9,"Agriculture,Manufacturing,Retail",,,
xxxiii.work,available,56,2%,6,Mathematics,,,
lvi.work,available,56,8%,3,Mathematics,,,
xxxvi.work,available,56,1%,5,Mathematics,,,
fiftyfive.work,available,56,7%,10,Mathematics,,,
fiftysix.work,available,56,4%,9,Mathematics,,,
xlvii.work,available,56,2%,5,Mathematics,,,
quadruplet.work,available,54,1%,10,"Healthcare,Medicine,Science",,,
abaxial.work,available,54,1%,7,Science,,,
iii.work,available,54,24%,3,Mathematics,,,
quintuplet.work,available,54,1%,10,"Healthcare,Medicine,Science",,,
deserted.work,available,54,3%,8,"Hospitality,Real Estate",,,
abatable.work,available,54,1%,8,Law,,,
adaxial.work,available,54,2%,7,Science,,,
adductive.work,available,54,0%,9,"Engineering,Mathematics,Science",,,
quaternity.work,available,54,4%,10,Mathematics,,,
vii.work,available,54,13%,3,Mathematics,,,
adducting.work,available,54,1%,9,"Engineering,Mathematics,Science",,,
abducens.work,available,54,1%,8,Medicine,,,
actuated.work,available,54,2%,8,"Automotive,Manufacturing,Technology",,,
scratchy.work,available,54,3%,8,Fashion,,,
threescore.work,available,54,1%,10,Mathematics,,,
abient.work,available,54,1%,6,Science,,,
acoustical.work,available,54,4%,10,Science,,,
adpressed.work,available,54,0%,9,"Agriculture,Manufacturing,Retail",,,
viii.work,available,54,6%,4,Mathematics,,,
admonitory.work,available,54,0%,10,"Business,Education,Healthcare",,,
deuceace.work,available,54,2%,9,Sports,,,
monitory.work,available,54,3%,8,"Business,Education,Healthcare",,,
achy.work,available,54,3%,4,Healthcare,,,
adducent.work,available,54,1%,8,"Engineering,Mathematics,Science",,,
accursed.work,available,54,3%,8,"Entertainment,Media,Religion",,,
achromatic.work,available,54,4%,10,Science,,,
abatic.work,available,54,1%,6,Science,,,
topnotch.work,resell,54,18%,8,Business,17/02/2025 00:00,17/02/2026 00:00,"Xiamen ChinaSource Internet Service Co., Ltd"
twoscore.work,available,54,2%,8,Mathematics,,,
quaternion.work,available,54,6%,10,Mathematics,,,
fortyfive.work,available,54,4%,10,Mathematics,,,
accentual.work,available,54,3%,9,"Arts,Entertainment",,,
abasic.work,available,54,1%,6,Science,,,
quatern.work,available,54,2%,7,Mathematics,,,
fin.work,available,54,30%,3,Finance,,,
ternion.work,available,54,3%,7,Mathematics,,,
unnatural.work,available,54,4%,9,"Medicine,Science",,,
adjuratory.work,available,54,0%,10,"Law,Politics,Religion",,,
aboral.work,available,54,2%,6,Science,,,
septet.work,available,53,1%,6,General,,,
xxx.work,available,53,30%,3,"Arts,Entertainment,Media",,,
sestet.work,available,53,1%,6,Arts,,,
aboulic.work,available,52,1%,7,Medicine,,,
lxxiv.work,available,52,1%,5,Mathematics,,,
ninetytwo.work,available,52,4%,10,Mathematics,,,
lxvi.work,available,52,3%,4,Mathematics,,,
chagrined.work,available,52,1%,9,Humanities,,,
lxvii.work,available,52,1%,5,Mathematics,,,
lxxvi.work,available,52,1%,5,Mathematics,,,
lxi.work,available,52,5%,3,Mathematics,,,
xcii.work,available,52,2%,4,Mathematics,,,
lxxxi.work,available,52,1%,5,Mathematics,,,
sixtysix.work,available,52,4%,9,Mathematics,,,
lxxxvi.work,available,52,1%,6,Mathematics,,,
repugnant.work,available,52,1%,9,Humanities,,,
repulsive.work,available,52,1%,9,Humanities,,,
lxxiii.work,available,52,1%,6,Mathematics,,,
decumbent.work,available,52,1%,9,"Healthcare,Medicine,Science",,,
odious.work,available,52,2%,6,"Entertainment,Humanities",,,
ixl.work,available,52,9%,3,Mathematics,,,
lxxvii.work,available,52,2%,6,Mathematics,,,
xci.work,available,52,4%,3,Mathematics,,,
adenoidal.work,available,52,1%,9,"Health and Fitness,Medicine,Science",,,
lxxxii.work,available,52,1%,6,Mathematics,,,
ablated.work,available,52,1%,7,Science,,,
lxxxv.work,available,52,1%,5,Mathematics,,,
xcviii.work,available,52,1%,6,Mathematics,,,
littlejoe.work,available,52,2%,10,"Entertainment,Media",,,
lxiv.work,available,52,3%,4,Mathematics,,,
sixtytwo.work,available,52,3%,9,Mathematics,,,
lxxxiii.work,available,52,1%,7,Mathematics,,,
xcvii.work,available,52,1%,5,Mathematics,,,
lxiii.work,available,52,2%,5,Mathematics,,,
xcv.work,available,52,7%,3,Mathematics,,,
ninetysix.work,available,52,4%,10,Mathematics,,,
detestable.work,available,52,1%,10,Humanities,,,
abysmal.work,available,52,4%,7,"Arts,Entertainment,Media",,,
eightytwo.work,available,52,4%,10,Mathematics,,,
abusive.work,available,52,3%,7,"Healthcare,Law",,,
lxviii.work,available,52,1%,6,Mathematics,,,
tierce.work,available,52,3%,6,General,,,
sixtyfour.work,available,52,3%,10,Mathematics,,,
eightyone.work,available,52,3%,10,Mathematics,,,
lxxxvii.work,available,52,1%,7,Mathematics,,,
xciv.work,available,52,2%,4,Mathematics,,,
ixc.work,available,52,5%,3,Mathematics,,,
lxxv.work,available,52,1%,4,Mathematics,,,
abominable.work,available,52,2%,10,"Entertainment,Humanities",,,
xciii.work,available,52,1%,5,Mathematics,,,
uphill.work,available,52,7%,6,"Sports,Transportation,Travel",,,
lxxi.work,available,52,1%,4,Mathematics,,,
xcvi.work,available,52,2%,4,Mathematics,,,
ninetyone.work,available,52,5%,10,Mathematics,,,
lxv.work,available,52,5%,3,Mathematics,,,
abstruse.work,available,52,5%,8,"Humanities,Mathematics,Science",,,
sixtyfive.work,available,52,3%,10,Mathematics,,,
lxxxiv.work,available,52,1%,6,Mathematics,,,
lxii.work,available,52,1%,4,Mathematics,,,
lxxii.work,available,52,1%,5,Mathematics,,,
aculeated.work,available,50,0%,9,"Engineering,Medicine,Science",,,
needlelike.work,available,50,0%,10,"Engineering,Medicine,Science",,,
abbatial.work,available,50,0%,8,Religion,,,
trine.work,available,50,11%,5,"General,Religion",,,
acaudal.work,available,50,1%,7,"Agriculture,Science",,,
abducting.work,available,50,0%,9,Medicine,,,
acetose.work,available,50,1%,7,Science,,,
vinegary.work,available,50,1%,8,Food and Beverage,,,
spinous.work,available,50,1%,7,"Agriculture,Science",,,
abranchial.work,available,50,0%,10,Science,,,
broached.work,available,50,0%,8,Food and Beverage,,,
acellular.work,available,50,1%,9,Science,,,
scummy.work,available,50,1%,6,Humanities,,,
triplet.work,available,50,8%,7,Science,,,
aborticide.work,available,50,0%,10,Medicine,,,
acerose.work,available,50,1%,7,Science,,,
adhominem.work,available,50,2%,10,"Humanities,Law,Politics",,,
ogdoad.work,available,50,1%,6,Mathematics,,,
cinque.work,available,50,7%,6,Mathematics,,,
acerbic.work,available,50,2%,7,"Arts,Humanities,Media",,,
abdicable.work,available,50,0%,9,Law,,,
acetous.work,available,50,1%,7,Science,,,
abactinal.work,available,50,0%,9,Science,,,
acerb.work,available,50,2%,5,Science,,,
acapnotic.work,available,50,0%,9,"Healthcare,Medicine,Science",,,
adactylous.work,available,50,0%,10,Science,,,
lxx.work,available,50,5%,3,Mathematics,,,
acquitted.work,available,50,1%,9,Law,,,
acapnic.work,available,50,0%,7,"Healthcare,Medicine,Science",,,
gillless.work,available,50,0%,9,Science,,,
abomasal.work,available,50,0%,8,Agriculture,,,
lxxxviii.work,available,48,1%,8,Mathematics,,,
ilxxx.work,available,48,1%,5,Mathematics,,,
ilxx.work,available,48,1%,4,Mathematics,,,
notguilty.work,available,48,5%,10,Law,,,
execrable.work,available,48,0%,9,"Entertainment,Humanities",,,
abstracted.work,available,48,5%,10,"Arts,Humanities,Science",,,
apriori.work,expiring,48,13%,8,Mathematics,08/09/2022 12:56,08/09/2025 12:56,Gandi SAS
stripling.work,available,46,2%,9,"Education,Entertainment,Healthcare",,,
acaudate.work,available,46,1%,8,"Agriculture,Science",,,
cotyloid.work,available,46,1%,8,Science,,,
stemless.work,available,46,2%,8,"Agriculture,Science",,,
acephalous.work,available,46,1%,10,Science,,,
acetabular.work,available,46,1%,10,Science,,,
achenial.work,available,46,1%,8,Science,,,
vinegarish.work,available,46,1%,10,Food and Beverage,,,
acanthoid.work,available,46,1%,9,"Agriculture,Science",,,
theabsurd.work,available,46,1%,10,"Arts,Entertainment,Media",,,
acanthotic.work,available,46,0%,10,"Agriculture,Science",,,
quaternary.work,available,46,3%,10,Mathematics,,,
acanthous.work,available,46,0%,9,"Agriculture,Science",,,
acarpous.work,available,46,0%,8,"Agriculture,Science",,,
acarpelous.work,available,46,0%,10,"Agriculture,Science",,,
acicular.work,available,46,2%,8,Science,,,
acetylenic.work,available,46,1%,10,Science,,,
acheronian.work,available,46,1%,10,Humanities,,,
acetylic.work,available,46,1%,8,Science,,,
acetonic.work,available,46,1%,8,Science,,,
achromous.work,available,46,1%,9,Science,,,
acapnial.work,available,46,0%,8,"Healthcare,Medicine,Science",,,
achromic.work,available,46,2%,8,Science,,,
cotyloidal.work,available,44,1%,10,Science,,,
accusatory.work,available,44,1%,10,Law,,,
acherontic.work,available,44,1%,10,Humanities,,,
abscessed.work,available,41,0%,9,Healthcare,,,
accurst.work,available,40,1%,7,Religion,,,
accusive.work,available,40,1%,8,Law,,,
scurrilous.work,available,40,1%,10,"Entertainment,Media,Politics",,,